subreddit,post_count,post_average,weekday,the_hour
mlclass,1,1.0,Friday,18
mlpapers,1,2.0,Friday,20
mlclass,1,1.0,Friday,00
mlpapers,1,0.0,Friday,01
mlclass,1,2.0,Friday,16
mlclass,1,0.0,Friday,09
mlclass,1,2.0,Friday,17
mlclass,1,1.0,Friday,22
mlpapers,1,15.0,Friday,13
mlclass,1,0.0,Friday,07
mlclass,1,0.0,Friday,11
mlpapers,1,3.0,Friday,04
mlpapers,1,1.0,Friday,10
deeplearning,2,1.5,Friday,01
deeplearning,3,5.666666666666667,Friday,00
deeplearning,3,5.0,Friday,20
mlclass,3,2.0,Friday,23
deeplearning,3,1.6666666666666667,Friday,16
MLQuestions,3,1.0,Friday,05
deeplearning,3,1.6666666666666665,Friday,06
mlpapers,4,1.0,Friday,09
deeplearning,4,4.25,Friday,03
deeplearning,4,1.75,Friday,22
deeplearning,4,2.5,Friday,18
deeplearning,4,2.0,Friday,09
deeplearning,4,2.0,Friday,21
MLQuestions,4,1.5,Friday,07
deeplearning,4,7.5,Friday,23
deeplearning,4,1.5,Friday,04
deeplearning,5,1.4,Friday,02
MLQuestions,5,4.8,Friday,11
MLQuestions,6,1.6666666666666665,Friday,22
deeplearning,6,1.6666666666666667,Friday,10
deeplearning,6,2.333333333333333,Friday,05
MLQuestions,7,2.1428571428571428,Friday,00
deeplearning,7,1.1428571428571428,Friday,08
learnmachinelearning,7,5.8571428571428577,Friday,05
MLQuestions,7,2.8571428571428568,Friday,04
deeplearning,7,2.2857142857142856,Friday,07
deeplearning,7,2.285714285714286,Friday,19
MLQuestions,8,1.75,Friday,16
MLQuestions,8,2.875,Friday,19
MLQuestions,8,2.0,Friday,09
MLQuestions,8,2.125,Friday,01
deeplearning,8,3.375,Friday,12
MLQuestions,8,2.25,Friday,23
deeplearning,8,3.875,Friday,13
MLQuestions,8,1.5,Friday,06
deeplearning,9,2.2222222222222223,Friday,11
learnmachinelearning,9,6.0,Friday,00
MLQuestions,9,3.2222222222222219,Friday,08
deeplearning,9,3.3333333333333339,Friday,14
MLQuestions,10,1.6,Friday,15
deeplearning,10,3.1999999999999997,Friday,15
MLQuestions,10,2.1,Friday,10
artificial,10,9.1,Friday,01
deeplearning,10,3.0,Friday,17
learnmachinelearning,11,5.6363636363636358,Friday,13
learnmachinelearning,11,5.1818181818181817,Friday,11
learnmachinelearning,11,6.4545454545454541,Friday,23
learnmachinelearning,11,1.9090909090909092,Friday,02
MLQuestions,11,2.0,Friday,02
artificial,12,3.1666666666666665,Friday,03
artificial,12,1.9166666666666665,Friday,06
learnmachinelearning,12,7.5833333333333339,Friday,04
artificial,12,3.25,Friday,08
learnmachinelearning,12,2.583333333333333,Friday,01
MLQuestions,12,2.416666666666667,Friday,03
MLQuestions,12,3.166666666666667,Friday,13
learnmachinelearning,13,8.0000000000000018,Friday,21
learnmachinelearning,13,6.0769230769230766,Friday,08
MLQuestions,13,3.0000000000000004,Friday,12
learnmachinelearning,13,5.7692307692307709,Friday,17
learnmachinelearning,13,8.6923076923076916,Friday,15
learnmachinelearning,13,11.846153846153847,Friday,03
MLQuestions,14,2.9285714285714288,Friday,14
MLQuestions,14,1.9285714285714288,Friday,20
learnmachinelearning,14,6.2857142857142865,Friday,22
MLQuestions,14,2.2142857142857144,Friday,21
learnmachinelearning,14,5.6428571428571432,Friday,06
artificial,14,2.2142857142857144,Friday,07
artificial,15,14.466666666666665,Friday,04
learnmachinelearning,16,5.0,Friday,19
learnmachinelearning,16,8.1249999999999982,Friday,09
artificial,17,9.0588235294117645,Friday,21
artificial,17,4.5294117647058822,Friday,00
learnmachinelearning,17,6.0000000000000009,Friday,16
artificial,17,6.4705882352941178,Friday,10
learnmachinelearning,17,4.1764705882352944,Friday,20
MLQuestions,18,2.1111111111111107,Friday,18
learnmachinelearning,18,4.1111111111111107,Friday,18
artificial,18,4.5,Friday,02
learnmachinelearning,18,7.9999999999999991,Friday,12
learnmachinelearning,18,2.8888888888888893,Friday,14
MLQuestions,18,2.5555555555555558,Friday,17
learnmachinelearning,18,6.3333333333333339,Friday,10
artificial,22,7.045454545454545,Friday,19
artificial,22,13.727272727272728,Friday,23
artificial,25,8.0800000000000018,Friday,05
artificial,27,5.8888888888888893,Friday,22
artificial,27,7.6296296296296306,Friday,16
artificial,27,15.629629629629626,Friday,12
artificial,27,7.6296296296296306,Friday,11
artificial,29,8.1034482758620712,Friday,09
artificial,32,4.7187500000000009,Friday,18
artificial,38,9.9210526315789469,Friday,17
artificial,38,7.1315789473684212,Friday,20
artificial,39,6.4358974358974343,Friday,15
artificial,40,14.4,Friday,13
MachineLearning,43,9.1162790697674421,Friday,03
learnmachinelearning,45,3.8000000000000003,Friday,07
MachineLearning,53,18.396226415094333,Friday,23
MachineLearning,55,4.4363636363636356,Friday,04
MachineLearning,55,23.963636363636361,Friday,00
MachineLearning,57,7.0877192982456156,Friday,05
artificial,58,11.120689655172415,Friday,14
MachineLearning,59,10.474576271186438,Friday,21
MachineLearning,60,13.816666666666666,Friday,10
MachineLearning,60,16.916666666666664,Friday,09
MachineLearning,64,8.109375,Friday,08
MachineLearning,64,11.624999999999998,Friday,12
MachineLearning,65,8.7538461538461547,Friday,02
MachineLearning,66,16.378787878787879,Friday,07
MachineLearning,73,10.520547945205479,Friday,01
MachineLearning,73,10.410958904109592,Friday,06
MachineLearning,80,6.15,Friday,20
MachineLearning,80,9.425,Friday,22
MachineLearning,83,9.04819277108434,Friday,11
MachineLearning,84,22.011904761904766,Friday,13
MachineLearning,94,16.191489361702128,Friday,15
MachineLearning,94,8.7765957446808489,Friday,17
MachineLearning,96,14.156250000000002,Friday,16
MachineLearning,99,14.595959595959593,Friday,18
MachineLearning,105,11.190476190476193,Friday,19
MachineLearning,110,8.65454545454546,Friday,14
deeplearning,1,1.0,Monday,23
mlpapers,1,0.0,Monday,01
mlclass,1,1.0,Monday,19
mlclass,1,2.0,Monday,07
mlpapers,1,0.0,Monday,07
mlclass,1,0.0,Monday,08
mlpapers,1,2.0,Monday,02
mlclass,1,0.0,Monday,11
mlclass,1,0.0,Monday,10
mlpapers,1,0.0,Monday,23
MLQuestions,1,2.0,Monday,12
mlclass,1,1.0,Monday,21
mlclass,1,3.0,Monday,14
mlclass,1,0.0,Monday,13
mlpapers,1,6.0,Monday,20
mlpapers,2,1.0,Monday,03
deeplearning,2,3.0,Monday,02
deeplearning,2,2.0,Monday,22
mlclass,2,0.5,Monday,23
mlpapers,2,1.0,Monday,10
deeplearning,3,1.6666666666666667,Monday,01
mlpapers,3,0.33333333333333337,Monday,08
deeplearning,3,3.3333333333333335,Monday,03
deeplearning,4,2.25,Monday,04
deeplearning,4,4.75,Monday,21
deeplearning,4,4.75,Monday,18
deeplearning,4,3.75,Monday,00
deeplearning,4,3.75,Monday,06
deeplearning,5,2.0,Monday,08
deeplearning,5,6.2,Monday,07
MLQuestions,5,2.0,Monday,06
deeplearning,6,1.1666666666666667,Monday,16
MLQuestions,6,1.6666666666666665,Monday,04
deeplearning,6,3.3333333333333335,Monday,05
MLQuestions,7,3.1428571428571428,Monday,22
deeplearning,7,4.0,Monday,19
deeplearning,7,1.5714285714285712,Monday,11
MLQuestions,7,2.4285714285714284,Monday,00
learnmachinelearning,7,14.857142857142856,Monday,10
MLQuestions,7,3.1428571428571428,Monday,23
MLQuestions,7,2.8571428571428572,Monday,05
mlpapers,8,0.75,Monday,09
MLQuestions,8,1.375,Monday,09
learnmachinelearning,8,2.875,Monday,09
deeplearning,8,3.375,Monday,20
MLQuestions,8,1.875,Monday,08
MLQuestions,8,2.25,Monday,01
artificial,9,4.3333333333333339,Monday,00
deeplearning,9,2.3333333333333335,Monday,14
deeplearning,9,2.5555555555555554,Monday,12
learnmachinelearning,9,7.2222222222222223,Monday,06
MLQuestions,9,4.333333333333333,Monday,21
MLQuestions,9,2.5555555555555554,Monday,13
deeplearning,9,5.8888888888888893,Monday,10
MLQuestions,10,3.5999999999999996,Monday,02
MLQuestions,10,3.0,Monday,07
deeplearning,10,2.8000000000000003,Monday,13
deeplearning,10,2.0,Monday,17
deeplearning,10,1.7000000000000002,Monday,09
MLQuestions,11,1.9090909090909089,Monday,16
learnmachinelearning,11,7.0000000000000009,Monday,07
MLQuestions,11,1.4545454545454546,Monday,10
deeplearning,11,2.2727272727272729,Monday,15
learnmachinelearning,11,5.2727272727272725,Monday,05
artificial,11,5.454545454545455,Monday,02
MLQuestions,11,1.1818181818181819,Monday,11
learnmachinelearning,12,6.0,Monday,03
learnmachinelearning,12,2.916666666666667,Monday,02
artificial,13,1.7692307692307694,Monday,03
learnmachinelearning,13,6.0769230769230775,Monday,01
learnmachinelearning,13,7.8461538461538467,Monday,00
learnmachinelearning,13,5.384615384615385,Monday,04
MLQuestions,14,2.0714285714285716,Monday,20
learnmachinelearning,14,9.9285714285714288,Monday,14
learnmachinelearning,14,4.6428571428571432,Monday,08
MLQuestions,14,2.6428571428571428,Monday,15
MLQuestions,14,2.1428571428571428,Monday,19
MLQuestions,15,2.4000000000000004,Monday,17
MLQuestions,15,2.0666666666666669,Monday,18
MLQuestions,15,1.9333333333333331,Monday,14
learnmachinelearning,16,2.9375,Monday,22
learnmachinelearning,16,7.1875000000000018,Monday,13
learnmachinelearning,16,3.5625000000000009,Monday,19
MLQuestions,17,2.6470588235294121,Monday,03
artificial,17,12.941176470588236,Monday,05
artificial,17,8.9411764705882355,Monday,01
learnmachinelearning,18,7.7222222222222214,Monday,20
learnmachinelearning,18,2.1666666666666665,Monday,16
learnmachinelearning,19,4.4210526315789487,Monday,23
artificial,19,3.4210526315789469,Monday,09
learnmachinelearning,19,10.157894736842108,Monday,12
learnmachinelearning,20,3.4999999999999996,Monday,11
artificial,20,2.9,Monday,10
artificial,20,6.8000000000000007,Monday,06
artificial,20,5.4,Monday,07
artificial,21,10.809523809523808,Monday,22
artificial,21,6.5714285714285721,Monday,04
learnmachinelearning,21,7.0952380952380949,Monday,17
learnmachinelearning,21,6.1428571428571423,Monday,21
artificial,22,8.954545454545455,Monday,08
artificial,26,6.9615384615384617,Monday,11
learnmachinelearning,27,2.9259259259259252,Monday,18
artificial,27,2.0740740740740735,Monday,21
learnmachinelearning,28,4.0000000000000018,Monday,15
artificial,31,2.5483870967741931,Monday,23
artificial,34,6.9117647058823515,Monday,19
artificial,35,9.3142857142857185,Monday,12
artificial,35,6.6000000000000014,Monday,17
artificial,38,3.8421052631578947,Monday,15
MachineLearning,39,15.435897435897438,Monday,04
artificial,41,14.439024390243903,Monday,13
artificial,42,4.0952380952380958,Monday,16
MachineLearning,42,10.238095238095239,Monday,00
artificial,44,11.522727272727273,Monday,20
artificial,44,10.522727272727273,Monday,14
artificial,45,6.0222222222222213,Monday,18
MachineLearning,49,15.122448979591832,Monday,05
MachineLearning,51,6.0392156862745106,Monday,03
MachineLearning,55,12.436363636363636,Monday,01
MachineLearning,60,11.166666666666671,Monday,02
MachineLearning,66,9.5,Monday,10
MachineLearning,68,10.602941176470587,Monday,07
MachineLearning,72,9.8055555555555536,Monday,23
MachineLearning,75,4.5333333333333314,Monday,22
MachineLearning,75,7.1733333333333347,Monday,06
MachineLearning,78,15.602564102564106,Monday,09
MachineLearning,79,7.1265822784810124,Monday,08
MachineLearning,87,10.057471264367821,Monday,11
MachineLearning,91,13.120879120879117,Monday,12
MachineLearning,91,27.494505494505493,Monday,20
MachineLearning,95,7.6947368421052627,Monday,19
MachineLearning,104,19.778846153846157,Monday,21
MachineLearning,108,7.75,Monday,13
MachineLearning,108,23.009259259259274,Monday,15
MachineLearning,114,12.12280701754386,Monday,16
MachineLearning,116,15.594827586206906,Monday,18
MachineLearning,120,14.091666666666665,Monday,17
MachineLearning,131,11.854961832061068,Monday,14
mlclass,1,0.0,Sunday,20
mlclass,1,0.0,Sunday,13
mlclass,1,0.0,Sunday,09
deeplearning,1,3.0,Sunday,05
mlpapers,1,1.0,Sunday,07
mlclass,1,1.0,Sunday,01
mlpapers,1,1.0,Sunday,08
mlclass,1,0.0,Sunday,15
mlclass,1,2.0,Sunday,00
deeplearning,1,1.0,Sunday,02
mlclass,1,0.0,Sunday,06
mlclass,1,0.0,Sunday,17
mlclass,2,0.0,Sunday,10
mlpapers,2,1.0,Sunday,10
deeplearning,2,1.5,Sunday,21
deeplearning,2,8.5,Sunday,13
deeplearning,2,2.0,Sunday,12
mlpapers,2,1.5,Sunday,09
MLQuestions,2,2.5,Sunday,03
deeplearning,3,0.66666666666666663,Sunday,07
deeplearning,3,5.3333333333333339,Sunday,19
deeplearning,3,3.3333333333333335,Sunday,09
deeplearning,3,4.0,Sunday,01
MLQuestions,4,0.75,Sunday,02
deeplearning,4,1.5,Sunday,04
deeplearning,4,2.5,Sunday,23
deeplearning,4,1.5,Sunday,06
deeplearning,4,2.0,Sunday,00
deeplearning,5,3.4,Sunday,11
deeplearning,5,5.0,Sunday,22
MLQuestions,5,3.6,Sunday,06
MLQuestions,5,2.0,Sunday,08
deeplearning,5,1.8,Sunday,15
deeplearning,5,3.6,Sunday,17
MLQuestions,6,2.0,Sunday,07
deeplearning,6,4.5,Sunday,16
deeplearning,6,6.833333333333333,Sunday,10
deeplearning,6,1.5,Sunday,14
MLQuestions,6,3.1666666666666665,Sunday,04
MLQuestions,6,1.5,Sunday,01
MLQuestions,6,2.3333333333333335,Sunday,09
deeplearning,6,2.8333333333333335,Sunday,08
MLQuestions,6,1.1666666666666665,Sunday,23
MLQuestions,6,2.1666666666666665,Sunday,00
learnmachinelearning,6,3.333333333333333,Sunday,07
learnmachinelearning,7,10.714285714285714,Sunday,05
MLQuestions,7,1.0,Sunday,11
artificial,7,10.142857142857142,Sunday,05
MLQuestions,7,1.8571428571428572,Sunday,21
artificial,7,10.285714285714286,Sunday,10
artificial,7,3.714285714285714,Sunday,08
learnmachinelearning,7,5.2857142857142856,Sunday,13
deeplearning,7,3.1428571428571428,Sunday,18
MLQuestions,8,1.75,Sunday,05
learnmachinelearning,8,6.0,Sunday,09
MLQuestions,9,2.8888888888888888,Sunday,14
learnmachinelearning,9,5.5555555555555554,Sunday,03
MLQuestions,9,2.5555555555555554,Sunday,17
artificial,9,15.0,Sunday,13
learnmachinelearning,9,7.2222222222222223,Sunday,12
MLQuestions,9,1.8888888888888888,Sunday,20
MLQuestions,10,2.0,Sunday,12
artificial,10,1.8000000000000003,Sunday,04
MLQuestions,10,2.6,Sunday,22
learnmachinelearning,10,5.5,Sunday,10
artificial,10,6.8999999999999995,Sunday,01
artificial,10,9.3,Sunday,22
MLQuestions,10,2.1,Sunday,13
learnmachinelearning,11,8.4545454545454533,Sunday,08
deeplearning,11,1.8181818181818181,Sunday,20
artificial,11,19.727272727272727,Sunday,02
artificial,11,24.18181818181818,Sunday,07
learnmachinelearning,12,2.3333333333333339,Sunday,20
artificial,12,15.583333333333332,Sunday,09
learnmachinelearning,12,2.3333333333333335,Sunday,23
MLQuestions,12,2.6666666666666665,Sunday,10
artificial,12,8.0833333333333339,Sunday,03
artificial,12,12.0,Sunday,11
MLQuestions,13,1.6923076923076923,Sunday,19
MLQuestions,13,2.7692307692307696,Sunday,15
artificial,13,7.1538461538461533,Sunday,23
learnmachinelearning,13,4.2307692307692308,Sunday,22
artificial,13,4.3076923076923075,Sunday,12
learnmachinelearning,13,8.3846153846153868,Sunday,17
learnmachinelearning,13,8.5384615384615383,Sunday,02
artificial,13,21.307692307692307,Sunday,06
MLQuestions,13,3.1538461538461542,Sunday,18
learnmachinelearning,13,4.6153846153846159,Sunday,14
learnmachinelearning,14,7.6428571428571441,Sunday,01
learnmachinelearning,14,6.9285714285714288,Sunday,19
learnmachinelearning,15,3.4,Sunday,15
learnmachinelearning,15,4.6666666666666661,Sunday,00
learnmachinelearning,15,3.9333333333333336,Sunday,06
learnmachinelearning,15,4.7333333333333325,Sunday,16
artificial,15,11.666666666666668,Sunday,00
learnmachinelearning,15,5.6,Sunday,11
artificial,15,8.6,Sunday,17
learnmachinelearning,15,9.0,Sunday,21
artificial,16,8.0625000000000018,Sunday,15
MLQuestions,16,1.7499999999999998,Sunday,16
learnmachinelearning,16,6.0,Sunday,18
learnmachinelearning,16,4.5625,Sunday,04
artificial,17,6.8235294117647074,Sunday,21
artificial,19,19.473684210526315,Sunday,16
artificial,19,7.473684210526315,Sunday,14
artificial,20,9.9,Sunday,19
MachineLearning,23,3.0434782608695645,Sunday,02
artificial,26,10.923076923076923,Sunday,18
artificial,26,8.384615384615385,Sunday,20
MachineLearning,31,3.8387096774193545,Sunday,05
MachineLearning,32,16.187500000000004,Sunday,08
MachineLearning,32,10.34375,Sunday,01
MachineLearning,34,15.617647058823531,Sunday,03
MachineLearning,34,19.764705882352938,Sunday,11
MachineLearning,35,8.2857142857142865,Sunday,07
MachineLearning,35,9.0285714285714285,Sunday,09
MachineLearning,37,14.216216216216216,Sunday,04
MachineLearning,42,19.119047619047613,Sunday,00
MachineLearning,42,13.595238095238095,Sunday,06
MachineLearning,46,7.5652173913043477,Sunday,12
MachineLearning,50,15.4,Sunday,23
MachineLearning,53,5.5094339622641515,Sunday,17
MachineLearning,54,16.24074074074074,Sunday,14
MachineLearning,55,16.109090909090906,Sunday,10
MachineLearning,57,7.7368421052631566,Sunday,16
MachineLearning,57,13.596491228070169,Sunday,15
MachineLearning,58,18.137931034482758,Sunday,13
MachineLearning,60,19.766666666666659,Sunday,21
MachineLearning,62,13.822580645161286,Sunday,22
MachineLearning,62,11.080645161290326,Sunday,19
MachineLearning,65,24.430769230769233,Sunday,18
MachineLearning,83,16.939759036144576,Sunday,20
mlclass,1,1.0,Tuesday,16
mlclass,1,0.0,Tuesday,01
mlclass,1,0.0,Tuesday,09
mlclass,1,1.0,Tuesday,15
mlclass,1,1.0,Tuesday,04
mlpapers,1,6.0,Tuesday,15
deeplearning,1,2.0,Tuesday,02
mlpapers,1,1.0,Tuesday,20
mlpapers,1,1.0,Tuesday,08
deeplearning,1,3.0,Tuesday,00
mlclass,1,1.0,Tuesday,21
mlclass,1,1.0,Tuesday,00
deeplearning,1,3.0,Tuesday,04
mlclass,2,1.0,Tuesday,19
mlpapers,2,1.0,Tuesday,10
deeplearning,2,2.0,Tuesday,01
mlclass,2,2.5,Tuesday,18
deeplearning,2,1.5,Tuesday,07
deeplearning,3,2.3333333333333335,Tuesday,23
MLQuestions,3,1.6666666666666667,Tuesday,05
deeplearning,3,1.3333333333333333,Tuesday,11
MLQuestions,3,2.3333333333333335,Tuesday,02
deeplearning,4,8.25,Tuesday,03
deeplearning,4,1.75,Tuesday,08
deeplearning,4,1.0,Tuesday,10
MLQuestions,4,0.75,Tuesday,23
mlpapers,5,0.8,Tuesday,09
deeplearning,6,9.5,Tuesday,20
MLQuestions,6,1.5,Tuesday,06
deeplearning,6,3.0,Tuesday,09
MLQuestions,6,2.8333333333333335,Tuesday,07
deeplearning,6,4.1666666666666661,Tuesday,22
MLQuestions,6,2.8333333333333335,Tuesday,04
deeplearning,7,2.0,Tuesday,13
deeplearning,7,9.0000000000000018,Tuesday,06
learnmachinelearning,7,2.2857142857142856,Tuesday,00
deeplearning,7,1.7142857142857144,Tuesday,05
MLQuestions,7,1.7142857142857144,Tuesday,18
MLQuestions,7,2.1428571428571428,Tuesday,08
MLQuestions,8,2.75,Tuesday,00
MLQuestions,8,3.875,Tuesday,21
MLQuestions,8,3.0,Tuesday,03
deeplearning,8,2.5,Tuesday,21
deeplearning,8,2.0,Tuesday,19
learnmachinelearning,9,5.4444444444444446,Tuesday,03
MLQuestions,9,2.3333333333333335,Tuesday,01
deeplearning,9,4.8888888888888893,Tuesday,16
MLQuestions,9,3.1111111111111112,Tuesday,22
MLQuestions,10,1.8,Tuesday,11
artificial,10,8.8,Tuesday,02
learnmachinelearning,10,2.8,Tuesday,11
MLQuestions,10,3.9999999999999996,Tuesday,10
learnmachinelearning,10,8.1,Tuesday,05
artificial,11,5.7272727272727284,Tuesday,05
MLQuestions,11,2.1818181818181821,Tuesday,12
deeplearning,11,4.2727272727272734,Tuesday,17
MLQuestions,11,1.8181818181818181,Tuesday,13
learnmachinelearning,12,7.6666666666666661,Tuesday,08
learnmachinelearning,12,11.33333333333333,Tuesday,01
MLQuestions,12,1.7499999999999998,Tuesday,19
MLQuestions,12,2.1666666666666665,Tuesday,16
MLQuestions,12,2.8333333333333335,Tuesday,09
deeplearning,13,3.7692307692307692,Tuesday,14
learnmachinelearning,13,5.6153846153846159,Tuesday,10
learnmachinelearning,13,4.1538461538461542,Tuesday,21
deeplearning,13,2.6923076923076925,Tuesday,12
artificial,13,3.0,Tuesday,04
artificial,14,6.6428571428571423,Tuesday,01
MLQuestions,14,2.7857142857142856,Tuesday,14
MLQuestions,14,2.7857142857142856,Tuesday,20
artificial,15,4.1333333333333337,Tuesday,03
MLQuestions,15,2.0666666666666669,Tuesday,17
learnmachinelearning,16,4.875,Tuesday,23
deeplearning,16,1.625,Tuesday,18
learnmachinelearning,16,3.5,Tuesday,09
artificial,16,15.437499999999998,Tuesday,06
learnmachinelearning,16,3.3125,Tuesday,22
learnmachinelearning,16,11.375,Tuesday,04
deeplearning,17,3.2941176470588234,Tuesday,15
MLQuestions,18,2.3888888888888888,Tuesday,15
artificial,18,7.5,Tuesday,21
learnmachinelearning,18,4.0555555555555554,Tuesday,18
learnmachinelearning,18,5.7777777777777786,Tuesday,06
learnmachinelearning,19,4.0526315789473681,Tuesday,20
artificial,19,7.3684210526315779,Tuesday,10
learnmachinelearning,19,4.3157894736842115,Tuesday,02
artificial,20,10.15,Tuesday,07
learnmachinelearning,21,3.6190476190476191,Tuesday,07
learnmachinelearning,21,4.9523809523809534,Tuesday,14
learnmachinelearning,21,3.714285714285714,Tuesday,16
artificial,22,3.6818181818181817,Tuesday,00
artificial,22,3.8636363636363638,Tuesday,08
learnmachinelearning,22,5.2272727272727284,Tuesday,12
learnmachinelearning,24,6.0416666666666661,Tuesday,17
learnmachinelearning,24,5.1666666666666652,Tuesday,19
artificial,25,5.16,Tuesday,09
artificial,25,8.1600000000000037,Tuesday,22
learnmachinelearning,28,5.8928571428571423,Tuesday,13
artificial,29,6.6206896551724137,Tuesday,20
learnmachinelearning,29,8.2413793103448274,Tuesday,15
artificial,30,6.3666666666666671,Tuesday,23
artificial,31,3.129032258064516,Tuesday,16
artificial,32,4.4999999999999991,Tuesday,15
artificial,33,6.3939393939393945,Tuesday,19
artificial,34,10.235294117647058,Tuesday,11
artificial,38,5.8421052631578947,Tuesday,17
artificial,39,5.7179487179487181,Tuesday,18
artificial,40,10.225,Tuesday,14
artificial,46,8.0000000000000018,Tuesday,12
artificial,56,3.9464285714285725,Tuesday,13
MachineLearning,57,11.350877192982459,Tuesday,04
MachineLearning,63,11.269841269841271,Tuesday,05
MachineLearning,63,14.857142857142858,Tuesday,02
MachineLearning,64,7.75,Tuesday,03
MachineLearning,64,5.4374999999999991,Tuesday,22
MachineLearning,69,8.8550724637681135,Tuesday,00
MachineLearning,71,19.830985915492956,Tuesday,10
MachineLearning,71,10.535211267605638,Tuesday,07
MachineLearning,71,4.563380281690141,Tuesday,08
MachineLearning,73,12.64383561643835,Tuesday,23
MachineLearning,74,12.351351351351351,Tuesday,06
MachineLearning,77,12.298701298701298,Tuesday,01
MachineLearning,83,10.915662650602409,Tuesday,11
MachineLearning,85,13.31764705882353,Tuesday,09
MachineLearning,86,15.639534883720936,Tuesday,21
MachineLearning,96,11.97916666666667,Tuesday,13
MachineLearning,98,9.3265306122448983,Tuesday,20
MachineLearning,104,9.6634615384615419,Tuesday,12
MachineLearning,107,9.3271028037383186,Tuesday,19
MachineLearning,107,10.411214953271033,Tuesday,18
MachineLearning,112,8.63392857142857,Tuesday,14
MachineLearning,117,22.025641025641026,Tuesday,16
MachineLearning,123,19.27642276422764,Tuesday,15
MachineLearning,123,12.040650406504062,Tuesday,17
deeplearning,1,1.0,Saturday,08
deeplearning,1,3.0,Saturday,00
mlclass,1,0.0,Saturday,12
mlclass,1,0.0,Saturday,04
mlpapers,1,1.0,Saturday,08
mlclass,1,1.0,Saturday,01
deeplearning,1,2.0,Saturday,23
mlpapers,1,5.0,Saturday,00
mlclass,1,0.0,Saturday,07
mlclass,1,3.0,Saturday,18
mlclass,1,1.0,Saturday,16
mlclass,1,0.0,Saturday,09
deeplearning,2,4.0,Saturday,02
deeplearning,2,1.0,Saturday,06
mlclass,2,2.5,Saturday,00
deeplearning,2,11.5,Saturday,07
MLQuestions,2,4.5,Saturday,06
deeplearning,2,3.0,Saturday,05
deeplearning,2,7.5,Saturday,10
MLQuestions,3,5.0,Saturday,07
deeplearning,3,2.3333333333333335,Saturday,15
deeplearning,3,5.333333333333333,Saturday,16
deeplearning,3,1.0,Saturday,22
deeplearning,3,4.0,Saturday,01
mlclass,3,1.0,Saturday,22
deeplearning,3,4.666666666666667,Saturday,04
deeplearning,3,1.3333333333333333,Saturday,14
deeplearning,3,4.0,Saturday,21
deeplearning,3,7.3333333333333339,Saturday,18
MLQuestions,3,3.333333333333333,Saturday,09
learnmachinelearning,4,3.0,Saturday,09
MLQuestions,4,1.75,Saturday,08
MLQuestions,4,3.25,Saturday,10
deeplearning,4,2.5,Saturday,03
MLQuestions,4,3.5000000000000004,Saturday,01
learnmachinelearning,5,11.2,Saturday,02
deeplearning,5,6.2,Saturday,20
deeplearning,5,3.8,Saturday,19
MLQuestions,5,2.0,Saturday,20
deeplearning,5,4.2,Saturday,13
MLQuestions,6,4.0,Saturday,05
MLQuestions,6,2.3333333333333335,Saturday,16
learnmachinelearning,6,7.3333333333333339,Saturday,12
MLQuestions,6,1.5,Saturday,14
deeplearning,6,2.3333333333333335,Saturday,12
MLQuestions,6,2.5,Saturday,15
MLQuestions,6,2.5,Saturday,02
learnmachinelearning,6,4.333333333333333,Saturday,11
learnmachinelearning,7,6.7142857142857144,Saturday,04
MLQuestions,7,3.1428571428571428,Saturday,18
MLQuestions,7,2.8571428571428568,Saturday,13
artificial,7,11.0,Saturday,02
deeplearning,7,2.2857142857142856,Saturday,17
MLQuestions,8,2.125,Saturday,00
deeplearning,8,1.875,Saturday,09
artificial,8,6.375,Saturday,04
MLQuestions,8,2.125,Saturday,11
learnmachinelearning,8,2.375,Saturday,14
learnmachinelearning,9,11.333333333333332,Saturday,08
artificial,9,6.2222222222222223,Saturday,07
MLQuestions,9,2.1111111111111116,Saturday,22
MLQuestions,9,2.8888888888888888,Saturday,12
MLQuestions,9,2.0000000000000004,Saturday,17
MLQuestions,9,1.5555555555555556,Saturday,21
learnmachinelearning,9,8.3333333333333339,Saturday,01
learnmachinelearning,9,4.5555555555555554,Saturday,00
MLQuestions,9,3.6666666666666665,Saturday,04
artificial,10,16.599999999999998,Saturday,15
learnmachinelearning,10,5.6,Saturday,06
artificial,10,8.4,Saturday,06
artificial,11,8.3636363636363615,Saturday,22
MLQuestions,11,3.6363636363636367,Saturday,23
learnmachinelearning,11,9.454545454545455,Saturday,03
learnmachinelearning,11,5.4545454545454533,Saturday,10
artificial,11,7.0909090909090908,Saturday,12
artificial,11,5.4545454545454568,Saturday,11
artificial,11,16.90909090909091,Saturday,05
learnmachinelearning,11,8.7272727272727266,Saturday,05
artificial,12,7.333333333333333,Saturday,01
artificial,13,21.23076923076923,Saturday,19
artificial,13,20.076923076923077,Saturday,03
learnmachinelearning,13,4.3076923076923084,Saturday,13
MLQuestions,13,2.7692307692307692,Saturday,03
learnmachinelearning,14,12.928571428571427,Saturday,18
artificial,14,8.6428571428571423,Saturday,08
artificial,15,12.6,Saturday,16
artificial,15,11.6,Saturday,20
MLQuestions,15,1.7333333333333332,Saturday,19
learnmachinelearning,17,6.2352941176470589,Saturday,16
learnmachinelearning,17,6.5294117647058822,Saturday,15
artificial,17,5.8235294117647047,Saturday,10
artificial,17,4.882352941176471,Saturday,21
learnmachinelearning,17,8.1764705882352935,Saturday,23
artificial,18,2.6666666666666665,Saturday,09
artificial,18,9.5000000000000018,Saturday,23
learnmachinelearning,18,4.8888888888888884,Saturday,20
artificial,19,10.157894736842106,Saturday,00
learnmachinelearning,20,3.7500000000000004,Saturday,19
artificial,20,3.7500000000000004,Saturday,17
learnmachinelearning,21,5.6190476190476177,Saturday,22
artificial,22,20.772727272727273,Saturday,13
learnmachinelearning,24,13.125,Saturday,17
artificial,24,7.291666666666667,Saturday,18
learnmachinelearning,25,7.4,Saturday,21
artificial,29,10.310344827586206,Saturday,14
MachineLearning,33,4.5757575757575752,Saturday,05
MachineLearning,34,26.088235294117641,Saturday,01
MachineLearning,38,16.763157894736846,Saturday,04
MachineLearning,38,9.3421052631578938,Saturday,06
MachineLearning,41,9.5609756097560989,Saturday,08
MachineLearning,41,8.0975609756097544,Saturday,20
MachineLearning,42,6.30952380952381,Saturday,03
MachineLearning,42,9.9047619047619051,Saturday,02
MachineLearning,43,12.906976744186048,Saturday,11
MachineLearning,44,28.431818181818176,Saturday,07
MachineLearning,46,23.717391304347828,Saturday,23
MachineLearning,46,8.9565217391304319,Saturday,22
MachineLearning,47,11.106382978723406,Saturday,09
MachineLearning,47,32.723404255319139,Saturday,14
MachineLearning,47,15.80851063829787,Saturday,10
MachineLearning,48,5.8125,Saturday,12
learnmachinelearning,48,3.6250000000000009,Saturday,07
MachineLearning,50,16.540000000000003,Saturday,00
MachineLearning,51,20.215686274509803,Saturday,18
MachineLearning,53,21.830188679245278,Saturday,13
MachineLearning,57,11.315789473684212,Saturday,21
MachineLearning,63,18.714285714285715,Saturday,15
MachineLearning,71,12.169014084507044,Saturday,19
MachineLearning,78,11.692307692307686,Saturday,17
MachineLearning,79,12.645569620253166,Saturday,16
mlclass,1,0.0,Thursday,11
mlpapers,1,0.0,Thursday,07
mlclass,1,0.0,Thursday,22
mlpapers,1,3.0,Thursday,01
mlpapers,1,0.0,Thursday,10
mlclass,1,1.0,Thursday,09
mlclass,1,3.0,Thursday,00
mlpapers,1,4.0,Thursday,00
mlpapers,1,7.0,Thursday,13
deeplearning,2,2.0,Thursday,03
deeplearning,2,2.0,Thursday,08
deeplearning,2,3.5,Thursday,23
mlpapers,2,1.0,Thursday,03
mlclass,2,0.0,Thursday,16
mlclass,2,3.0,Thursday,18
mlclass,2,0.5,Thursday,10
deeplearning,3,2.333333333333333,Thursday,01
deeplearning,3,3.0,Thursday,22
mlpapers,3,0.33333333333333331,Thursday,08
MLQuestions,4,2.5,Thursday,07
deeplearning,4,3.5,Thursday,04
deeplearning,4,2.25,Thursday,06
learnmachinelearning,4,3.25,Thursday,05
MLQuestions,4,2.75,Thursday,02
deeplearning,4,2.75,Thursday,05
deeplearning,4,1.25,Thursday,12
mlpapers,5,0.8,Thursday,09
deeplearning,5,2.2,Thursday,09
deeplearning,6,2.666666666666667,Thursday,02
learnmachinelearning,6,4.166666666666667,Thursday,06
MLQuestions,6,2.1666666666666665,Thursday,05
MLQuestions,6,1.5,Thursday,06
deeplearning,6,3.0,Thursday,00
MLQuestions,6,3.666666666666667,Thursday,23
learnmachinelearning,7,5.5714285714285712,Thursday,03
deeplearning,7,6.8571428571428568,Thursday,18
MLQuestions,7,1.5714285714285714,Thursday,04
MLQuestions,7,2.1428571428571428,Thursday,12
deeplearning,7,3.5714285714285712,Thursday,10
learnmachinelearning,8,7.3750000000000009,Thursday,02
MLQuestions,8,1.625,Thursday,22
deeplearning,8,1.375,Thursday,17
deeplearning,8,4.5,Thursday,07
deeplearning,8,1.5,Thursday,11
MLQuestions,8,2.5,Thursday,00
deeplearning,8,2.625,Thursday,16
deeplearning,8,1.75,Thursday,20
artificial,8,7.375,Thursday,02
MLQuestions,8,1.875,Thursday,20
learnmachinelearning,8,1.2499999999999998,Thursday,09
MLQuestions,9,1.5555555555555556,Thursday,11
MLQuestions,9,3.2222222222222223,Thursday,08
learnmachinelearning,9,3.5555555555555558,Thursday,23
deeplearning,9,2.4444444444444446,Thursday,13
deeplearning,9,4.666666666666667,Thursday,15
deeplearning,9,3.1111111111111116,Thursday,21
MLQuestions,9,2.1111111111111112,Thursday,09
MLQuestions,10,2.1999999999999997,Thursday,03
learnmachinelearning,10,2.6,Thursday,22
MLQuestions,10,1.8,Thursday,01
artificial,10,6.7,Thursday,05
deeplearning,10,2.4,Thursday,19
MLQuestions,10,2.4000000000000004,Thursday,17
MLQuestions,11,3.7272727272727275,Thursday,15
learnmachinelearning,11,3.7272727272727271,Thursday,04
learnmachinelearning,12,7.6666666666666661,Thursday,08
MLQuestions,12,2.0000000000000004,Thursday,10
learnmachinelearning,12,5.5000000000000009,Thursday,07
deeplearning,14,3.285714285714286,Thursday,14
learnmachinelearning,14,6.3571428571428568,Thursday,12
MLQuestions,14,3.214285714285714,Thursday,21
learnmachinelearning,15,5.1333333333333329,Thursday,21
artificial,15,5.9333333333333327,Thursday,01
MLQuestions,15,2.3333333333333335,Thursday,19
learnmachinelearning,15,9.5333333333333332,Thursday,20
MLQuestions,15,2.0,Thursday,14
MLQuestions,15,2.2666666666666671,Thursday,16
artificial,16,7.1875000000000018,Thursday,04
learnmachinelearning,16,6.1249999999999991,Thursday,01
learnmachinelearning,16,5.75,Thursday,15
learnmachinelearning,16,3.0625000000000004,Thursday,11
artificial,17,2.4117647058823528,Thursday,23
learnmachinelearning,17,5.1764705882352953,Thursday,19
artificial,17,4.88235294117647,Thursday,22
artificial,17,2.1764705882352939,Thursday,07
artificial,18,5.5,Thursday,03
learnmachinelearning,18,4.0555555555555545,Thursday,18
artificial,19,5.2631578947368425,Thursday,00
MLQuestions,19,2.5263157894736841,Thursday,13
learnmachinelearning,19,10.526315789473685,Thursday,00
artificial,19,6.6315789473684212,Thursday,08
artificial,20,9.6,Thursday,09
learnmachinelearning,20,5.3500000000000005,Thursday,10
MLQuestions,20,2.3,Thursday,18
artificial,21,3.1428571428571428,Thursday,10
learnmachinelearning,22,3.9090909090909092,Thursday,17
learnmachinelearning,23,8.4347826086956523,Thursday,14
artificial,23,8.5217391304347831,Thursday,11
artificial,25,7.2000000000000011,Thursday,21
learnmachinelearning,25,7.799999999999998,Thursday,16
artificial,27,9.8518518518518512,Thursday,06
artificial,28,7.5714285714285712,Thursday,20
artificial,29,5.06896551724138,Thursday,19
artificial,31,3.4838709677419351,Thursday,18
artificial,33,10.212121212121211,Thursday,15
artificial,34,6.1470588235294112,Thursday,12
learnmachinelearning,35,8.3428571428571434,Thursday,13
artificial,41,6.6829268292682933,Thursday,16
artificial,43,9.7906976744186061,Thursday,13
MachineLearning,48,9.8541666666666661,Thursday,03
artificial,51,8.2549019607843128,Thursday,17
MachineLearning,54,7.8703703703703685,Thursday,04
artificial,56,15.625,Thursday,14
MachineLearning,60,12.183333333333335,Thursday,23
MachineLearning,61,9.1639344262295062,Thursday,01
MachineLearning,61,6.5081967213114753,Thursday,02
MachineLearning,64,8.9062500000000036,Thursday,22
MachineLearning,65,10.876923076923077,Thursday,05
MachineLearning,65,5.8153846153846169,Thursday,11
MachineLearning,67,9.4029850746268639,Thursday,07
MachineLearning,68,10.000000000000002,Thursday,21
MachineLearning,68,4.0735294117647056,Thursday,06
MachineLearning,69,12.289855072463769,Thursday,08
MachineLearning,72,9.4583333333333321,Thursday,00
MachineLearning,73,11.534246575342468,Thursday,12
MachineLearning,76,11.407894736842104,Thursday,10
MachineLearning,80,7.0375,Thursday,09
MachineLearning,81,13.259259259259263,Thursday,20
MachineLearning,95,8.7894736842105257,Thursday,13
MachineLearning,104,13.567307692307693,Thursday,18
MachineLearning,104,9.7500000000000036,Thursday,19
MachineLearning,115,15.852173913043481,Thursday,17
MachineLearning,133,11.10526315789474,Thursday,15
MachineLearning,140,16.678571428571431,Thursday,16
MachineLearning,143,14.468531468531468,Thursday,14
mlclass,1,2.0,Wednesday,14
mlclass,1,1.0,Wednesday,01
mlclass,1,1.0,Wednesday,10
mlpapers,1,3.0,Wednesday,12
mlpapers,1,1.0,Wednesday,11
mlpapers,1,1.0,Wednesday,00
mlclass,1,0.0,Wednesday,09
mlclass,1,1.0,Wednesday,18
mlclass,1,1.0,Wednesday,15
mlclass,1,0.0,Wednesday,23
deeplearning,2,2.0,Wednesday,06
deeplearning,2,5.0,Wednesday,07
mlpapers,2,1.5,Wednesday,07
mlpapers,2,0.5,Wednesday,08
mlclass,3,1.0,Wednesday,00
deeplearning,3,3.0,Wednesday,12
deeplearning,3,0.33333333333333337,Wednesday,23
deeplearning,3,2.0,Wednesday,02
deeplearning,4,2.0,Wednesday,20
deeplearning,4,4.5,Wednesday,19
deeplearning,4,4.75,Wednesday,22
MLQuestions,5,3.2,Wednesday,02
deeplearning,5,2.0,Wednesday,18
MLQuestions,5,5.0,Wednesday,00
MLQuestions,5,2.4,Wednesday,03
deeplearning,5,3.6000000000000005,Wednesday,21
deeplearning,6,1.0,Wednesday,09
deeplearning,6,2.6666666666666665,Wednesday,01
learnmachinelearning,6,1.5,Wednesday,02
deeplearning,6,6.333333333333333,Wednesday,04
MLQuestions,6,1.8333333333333333,Wednesday,01
deeplearning,7,2.8571428571428572,Wednesday,00
deeplearning,7,4.4285714285714288,Wednesday,05
MLQuestions,7,2.1428571428571428,Wednesday,11
MLQuestions,7,3.1428571428571428,Wednesday,05
deeplearning,7,2.5714285714285716,Wednesday,16
MLQuestions,8,4.125,Wednesday,19
MLQuestions,8,2.25,Wednesday,10
MLQuestions,8,2.125,Wednesday,04
MLQuestions,8,1.8749999999999998,Wednesday,06
deeplearning,8,3.5,Wednesday,08
deeplearning,8,1.75,Wednesday,10
mlpapers,8,0.625,Wednesday,09
deeplearning,9,4.5555555555555554,Wednesday,17
MLQuestions,9,2.8888888888888888,Wednesday,12
MLQuestions,9,1.5555555555555556,Wednesday,17
learnmachinelearning,9,11.888888888888889,Wednesday,05
deeplearning,9,1.7777777777777777,Wednesday,11
deeplearning,10,3.1999999999999997,Wednesday,13
MLQuestions,10,2.3,Wednesday,23
MLQuestions,10,2.5999999999999996,Wednesday,20
MLQuestions,10,2.1,Wednesday,07
MLQuestions,11,1.4545454545454546,Wednesday,13
MLQuestions,11,2.9090909090909087,Wednesday,14
MLQuestions,11,2.1818181818181817,Wednesday,08
learnmachinelearning,11,8.3636363636363633,Wednesday,03
deeplearning,11,3.1818181818181817,Wednesday,14
artificial,12,3.0,Wednesday,08
MLQuestions,12,2.833333333333333,Wednesday,09
learnmachinelearning,12,13.5,Wednesday,20
MLQuestions,12,1.7499999999999998,Wednesday,22
learnmachinelearning,13,17.692307692307693,Wednesday,11
deeplearning,13,4.1538461538461542,Wednesday,15
artificial,13,9.76923076923077,Wednesday,02
artificial,13,5.5384615384615383,Wednesday,01
learnmachinelearning,13,4.9230769230769225,Wednesday,04
MLQuestions,14,2.0000000000000004,Wednesday,15
learnmachinelearning,14,5.8571428571428577,Wednesday,08
artificial,14,11.428571428571427,Wednesday,04
learnmachinelearning,14,7.1428571428571432,Wednesday,10
MLQuestions,14,2.4285714285714288,Wednesday,16
learnmachinelearning,14,3.0714285714285716,Wednesday,00
MLQuestions,14,2.4285714285714288,Wednesday,21
artificial,15,6.0000000000000009,Wednesday,03
learnmachinelearning,15,3.8,Wednesday,23
learnmachinelearning,16,4.125,Wednesday,19
learnmachinelearning,17,2.4705882352941178,Wednesday,06
learnmachinelearning,17,5.23529411764706,Wednesday,12
learnmachinelearning,17,2.8823529411764706,Wednesday,21
learnmachinelearning,17,8.0588235294117645,Wednesday,01
artificial,18,3.7777777777777777,Wednesday,23
learnmachinelearning,18,6.8333333333333339,Wednesday,22
MLQuestions,19,2.7894736842105261,Wednesday,18
artificial,19,8.4210526315789487,Wednesday,05
learnmachinelearning,19,6.9473684210526319,Wednesday,15
learnmachinelearning,19,3.8421052631578938,Wednesday,18
learnmachinelearning,19,6.7368421052631593,Wednesday,09
learnmachinelearning,20,7.2999999999999989,Wednesday,16
learnmachinelearning,21,2.8571428571428577,Wednesday,17
artificial,21,3.5714285714285716,Wednesday,09
artificial,21,6.2857142857142838,Wednesday,22
artificial,22,10.772727272727275,Wednesday,07
artificial,23,10.869565217391306,Wednesday,00
artificial,23,5.8260869565217384,Wednesday,10
artificial,23,12.65217391304348,Wednesday,21
learnmachinelearning,24,9.6250000000000018,Wednesday,14
artificial,24,8.0833333333333321,Wednesday,06
learnmachinelearning,25,5.84,Wednesday,13
artificial,28,3.3214285714285716,Wednesday,11
artificial,30,9.83333333333333,Wednesday,18
artificial,33,10.393939393939394,Wednesday,17
artificial,34,6.1176470588235281,Wednesday,12
artificial,38,8.2894736842105274,Wednesday,16
artificial,39,3.4615384615384612,Wednesday,19
artificial,41,6.7804878048780495,Wednesday,14
artificial,46,7.7826086956521738,Wednesday,15
artificial,49,5.4489795918367339,Wednesday,20
artificial,53,9.2264150943396217,Wednesday,13
MachineLearning,54,9.9629629629629637,Wednesday,03
MachineLearning,56,27.660714285714278,Wednesday,05
MachineLearning,56,11.142857142857144,Wednesday,23
learnmachinelearning,60,4.8166666666666682,Wednesday,07
MachineLearning,64,36.1875,Wednesday,04
MachineLearning,64,7.53125,Wednesday,10
MachineLearning,67,11.895522388059701,Wednesday,06
MachineLearning,70,18.500000000000004,Wednesday,08
MachineLearning,71,14.394366197183098,Wednesday,00
MachineLearning,71,8.0140845070422539,Wednesday,01
MachineLearning,72,4.916666666666667,Wednesday,07
MachineLearning,73,14.027397260273972,Wednesday,02
MachineLearning,73,10.164383561643834,Wednesday,22
MachineLearning,75,6.6666666666666652,Wednesday,09
MachineLearning,86,11.104651162790699,Wednesday,21
MachineLearning,86,10.209302325581396,Wednesday,11
MachineLearning,87,12.517241379310338,Wednesday,12
MachineLearning,94,7.9148936170212787,Wednesday,20
MachineLearning,107,11.467289719626169,Wednesday,19
MachineLearning,108,33.861111111111107,Wednesday,14
MachineLearning,109,10.348623853211013,Wednesday,13
MachineLearning,113,19.955752212389381,Wednesday,17
MachineLearning,116,13.25,Wednesday,16
MachineLearning,128,16.554687500000004,Wednesday,18
MachineLearning,155,9.0903225806451626,Wednesday,15
